filename,domain,document_type
ch 1 Chemical Reactions and Equations.pdf,chemistry,ncert_textbook
ch 2 Acids Bases and Salts.pdf,chemistry,ncert_textbook
ch 3 Metals and Non-metals.pdf,chemistry,ncert_textbook
ch 4 Carbon and its Compounds.pdf,chemistry,ncert_textbook
ch 5 Life Processes.pdf,biology,ncert_textbook
ch 6 Control and Coordination.pdf,biology,ncert_textbook
ch 7 How do Organisms Reproduce.pdf,biology,ncert_textbook
ch 8 Heredity.pdf,biology,ncert_textbook
ch 9 Light - Reflection and Refraction.pdf,physics,ncert_textbook
ch 10 The Human Eye and the Colourful World.pdf,physics,ncert_textbook
ch 11 Electricity.pdf,physics,ncert_textbook
ch 12 Magnetic Effects of Electric Current.pdf,physics,ncert_textbook
ch 13 Our Environment.pdf,biology,ncert_textbook
Answers exercise.pdf,mixed,answer_key
Contents NCERT.pdf,mixed,table_of_contents
